--------------Category
INSERT INTO CATEGORY
VALUES (1, 'Classics');
/*INSERT INTO CATEGORY(CATEGORY)
 VALUES ('Horror');
 INSERT INTO CATEGORY(CATEGORY)
 VALUES ('Science Fiction');
 INSERT INTO CATEGORY(CATEGORY)
 VALUES ('Romance');*/
-----------Author
INSERT INTO AUTHOR
VALUES (1, 'Richard W.', 'Beveridge');
INSERT INTO AUTHOR
VALUES (2, 'José Carlos R.', 'Alcantud');
INSERT INTO AUTHOR
VALUES (3, 'Jane', 'Austen');
-----------Books
INSERT INTO BOOK (
                BOOK_ID,
                DESCRIPTION,
                IMAGE,
                ISBN,
                TITLE,
                PRICE,
                PUBLISHED_DATE,
                PRODUCT_STOCK,
                AUTOR_AUTHOR_ID
        )
VALUES (
                1,
                'Novela romantica',
                'orgulloyprejuicio.jpg',
                '9783156444484100',
                'Orgullo y prejuicio ',
                10.99,
                '1885-10-12',
                100,
                1
        );
INSERT INTO BOOK (
                BOOK_ID,
                DESCRIPTION,
                IMAGE,
                ISBN,
                TITLE,
                PRICE,
                PUBLISHED_DATE,
                PRODUCT_STOCK,
                AUTOR_AUTHOR_ID
        )
VALUES (
                2,
                'Descripcion 25',
                '',
                '9783161894484101',
                'Interface Circuits for Microsensor Integrated Systems',
                13.99,
                '1875-10-12',
                103,
                1
        );
INSERT INTO BOOK (
                BOOK_ID,
                DESCRIPTION,
                IMAGE,
                ISBN,
                TITLE,
                PRICE,
                PUBLISHED_DATE,
                PRODUCT_STOCK,
                AUTOR_AUTHOR_ID
        )
VALUES (
                3,
                'Descripcion 26',
                '',
                '9783197444484102',
                'libro 28',
                1.99,
                '1875-10-11',
                103,
                1
        );
INSERT INTO BOOK (
                BOOK_ID,
                DESCRIPTION,
                IMAGE,
                ISBN,
                TITLE,
                PRICE,
                PUBLISHED_DATE,
                PRODUCT_STOCK,
                AUTOR_AUTHOR_ID
        )
VALUES (
                4,
                'Descripcion 256',
                '',
                '9783161444409152',
                'libro 25',
                18.99,
                '1875-10-12',
                103,
                1
        );
INSERT INTO BOOK (
                BOOK_ID,
                DESCRIPTION,
                IMAGE,
                ISBN,
                TITLE,
                PRICE,
                PUBLISHED_DATE,
                PRODUCT_STOCK,
                AUTOR_AUTHOR_ID
        )
VALUES (
                5,
                'Descripcion 5',
                '',
                '9783161477484152',
                'Book of Scratch Vol. 1',
                20.99,
                '1875-10-12',
                103,
                1
        );
INSERT INTO BOOK (
                BOOK_ID,
                DESCRIPTION,
                IMAGE,
                ISBN,
                TITLE,
                PRICE,
                PUBLISHED_DATE,
                PRODUCT_STOCK,
                AUTOR_AUTHOR_ID
        )
VALUES (
                6,
                'Descripcion 6',
                '',
                '9785161004484152',
                'The MagPi #76',
                50.99,
                '1875-10-12',
                103,
                1
        );
INSERT INTO BOOK (
                BOOK_ID,
                DESCRIPTION,
                IMAGE,
                ISBN,
                TITLE,
                PRICE,
                PUBLISHED_DATE,
                PRODUCT_STOCK,
                AUTOR_AUTHOR_ID
        )
VALUES (
                7,
                'Descripcion 6',
                '',
                '9785112444484152',
                'The MagPi #76',
                50.99,
                '1875-10-12',
                103,
                1
        );
INSERT INTO BOOK (
                BOOK_ID,
                DESCRIPTION,
                IMAGE,
                ISBN,
                TITLE,
                PRICE,
                PUBLISHED_DATE,
                PRODUCT_STOCK,
                AUTOR_AUTHOR_ID
        )
VALUES (
                8,
                'Descripcion 8',
                '',
                '9785002444484152',
                'Fuzzy Techniques for Decision Making',
                59.99,
                '1875-10-12',
                103,
                2
        );
INSERT INTO BOOK (
                BOOK_ID,
                DESCRIPTION,
                IMAGE,
                ISBN,
                TITLE,
                PRICE,
                PUBLISHED_DATE,
                PRODUCT_STOCK,
                AUTOR_AUTHOR_ID
        )
VALUES (
                9,
                'Descripcion 9',
                '',
                '9785002499974152',
                'Color Image Processing',
                39.99,
                '1875-10-12',
                103,
                3
        );
INSERT INTO BOOK (
                BOOK_ID,
                DESCRIPTION,
                IMAGE,
                ISBN,
                TITLE,
                PRICE,
                PUBLISHED_DATE,
                PRODUCT_STOCK,
                AUTOR_AUTHOR_ID
        )
VALUES (
                10,
                'Descripcion 10',
                '',
                '9785002839974152',
                'Virtual Learning Design and Delivery',
                30.99,
                '1875-10-12',
                103,
                1
        );
INSERT INTO BOOK (
                BOOK_ID,
                DESCRIPTION,
                IMAGE,
                ISBN,
                TITLE,
                PRICE,
                PUBLISHED_DATE,
                PRODUCT_STOCK,
                AUTOR_AUTHOR_ID
        )
VALUES (
                11,
                'Descripcion 11',
                '',
                '9785076839974152',
                'George Herriman Krazy Kat es Krazy Kat es Krazy Kat',
                10.99,
                '1875-10-12',
                103,
                2
        );
INSERT INTO BOOK (
                BOOK_ID,
                DESCRIPTION,
                IMAGE,
                ISBN,
                TITLE,
                PRICE,
                PUBLISHED_DATE,
                PRODUCT_STOCK,
                AUTOR_AUTHOR_ID
        )
VALUES (
                12,
                'Descripcion 12',
                '',
                '9785676839974152',
                'The Official Raspberry Pi Beginner s Guide',
                14.99,
                '1875-10-12',
                103,
                3
        );
INSERT INTO BOOK (
                BOOK_ID,
                DESCRIPTION,
                IMAGE,
                ISBN,
                TITLE,
                PRICE,
                PUBLISHED_DATE,
                PRODUCT_STOCK,
                AUTOR_AUTHOR_ID
        )
VALUES (
                13,
                'Descripcion 13',
                '',
                '9785676839974152',
                'Las formas de la educación',
                12.99,
                '1875-10-12',
                103,
                2
        );
INSERT INTO BOOK (
                BOOK_ID,
                DESCRIPTION,
                IMAGE,
                ISBN,
                TITLE,
                PRICE,
                PUBLISHED_DATE,
                PRODUCT_STOCK,
                AUTOR_AUTHOR_ID
        )
VALUES (
                14,
                'Descripcion 14',
                '',
                '9785676839974152',
                'Beginning Statistics',
                16.99,
                '1875-10-12',
                103,
                3
        );
INSERT INTO BOOK (
                BOOK_ID,
                DESCRIPTION,
                IMAGE,
                ISBN,
                TITLE,
                PRICE,
                PUBLISHED_DATE,
                PRODUCT_STOCK,
                AUTOR_AUTHOR_ID
        )
VALUES (
                15,
                'Descripcion 15',
                '',
                '9785648239974152',
                'Observing the Volcano World: Volcano Crisis Communication',
                19.99,
                '1875-10-12',
                103,
                2
        );
INSERT INTO BOOK (
                BOOK_ID,
                DESCRIPTION,
                IMAGE,
                ISBN,
                TITLE,
                PRICE,
                PUBLISHED_DATE,
                PRODUCT_STOCK,
                AUTOR_AUTHOR_ID
        )
VALUES (
                16,
                'Descripcion 16',
                '',
                '9785648239974152',
                'An Introduction to Ontology Engineering',
                66.99,
                '1875-10-12',
                103,
                3
        );
INSERT INTO BOOK (
                BOOK_ID,
                DESCRIPTION,
                IMAGE,
                ISBN,
                TITLE,
                PRICE,
                PUBLISHED_DATE,
                PRODUCT_STOCK,
                AUTOR_AUTHOR_ID
        )
VALUES (
                17,
                'Descripcion 17',
                '',
                '9785648239994152',
                'Progress in Mathematical Ecology',
                62.99,
                '1875-10-12',
                103,
                2
        );
INSERT INTO BOOK (
                BOOK_ID,
                DESCRIPTION,
                IMAGE,
                ISBN,
                TITLE,
                PRICE,
                PUBLISHED_DATE,
                PRODUCT_STOCK,
                AUTOR_AUTHOR_ID
        )
VALUES (
                18,
                'Descripcion 18',
                '',
                '9785648987994152',
                'Bio-Inspired Robotics',
                42.99,
                '1875-10-12',
                103,
                3
        );
INSERT INTO BOOK (
                BOOK_ID,
                DESCRIPTION,
                IMAGE,
                ISBN,
                TITLE,
                PRICE,
                PUBLISHED_DATE,
                PRODUCT_STOCK,
                AUTOR_AUTHOR_ID
        )
VALUES (
                19,
                'Descripcion 19',
                '',
                '9785634287994152',
                'Fractional Calculus: Theory and Applications',
                22.99,
                '1875-10-12',
                103,
                2
        );
INSERT INTO BOOK (
                BOOK_ID,
                DESCRIPTION,
                IMAGE,
                ISBN,
                TITLE,
                PRICE,
                PUBLISHED_DATE,
                PRODUCT_STOCK,
                AUTOR_AUTHOR_ID
        )
VALUES (
                20,
                'Descripcion 20',
                '',
                '9785631237994152',
                'Chemistry 3: Volumetric Chemical Analysis',
                52.99,
                '1875-10-12',
                103,
                3
        );


/*INSERT INTO BOOK (BOOK_ID, AUTHOR, DESCRIPTION, IMAGE, ISBN, TITLE, PRICE, PUBLISHED_DATE, PRODUCT_STOCK)
 VALUES (1, 'ddsfa', 'science fiction novel by American author Orson Scott Card', 'ender_games.jpg',
 '9783161444484100', 'Enders Game ', 10, '1985-10-12', 100);
 
 INSERT INTO BOOK (BOOK_ID, AUTHOR, DESCRIPTION, IMAGE, ISBN, TITLE, PRICE, PUBLISHED_DATE, PRODUCT_STOCK)
 VALUES (2, 'ssdsd',
 'La historia es narrada por Jane Eyre quien a los diez años de edad es custodiada por su tía política, la señora Reed. El señor Reed, hermano de la madre de Jane, la toma a su cargo cuando queda huérfana, pero muriendo él mismo poco después',
 'Jane_Eyre.jpg',
 '9783491484444100', 'Jane Eyre', 15.99, '1847-01-01', 100);*/
--------------Category
INSERT INTO BOOK_CATEGORIES
VALUES (1, 1);
/*INSERT INTO BOOK_CATEGORIES
 VALUES (2, 1);----jane eyre have two categories, romance and classic
 INSERT INTO BOOK_CATEGORIES
 VALUES (2, 2);----jane eyre have two categories, romance and classic
 INSERT INTO BOOK_CATEGORIES
 VALUES (1, 2);----jane eyre have two categories, romance and classic
 INSERT INTO BOOK_CATEGORIES
 VALUES (2, 4);
 INSERT INTO BOOK_CATEGORIES
 VALUES (1, 3);*/
/*select * from BOOK_CATEGORIES JOIN BOOK ON BOOK_ID = BOOK_BOOK_ID JOIN CATEGORY ON CATEGORY_ID = CATEGORIES_CATEGORY_ID*/